,char_len,word_len
count,44898.0,44898.0
mean,2469.1096930820972,405.28228428883244
std,2171.6170908337167,351.26559488348715
min,1.0,0.0
25%,1234.0,203.0
50%,2186.0,362.0
75%,3105.0,513.0
max,51794.0,8135.0
