{
  "LogisticRegression": {
    "accuracy": 0.976391982182628,
    "f1": 0.9773019271948609,
    "auc": 0.9973017742020147,
    "confusion_matrix": [
      [
        4204,
        80
      ],
      [
        132,
        4564
      ]
    ],
    "report": {
      "0": {
        "precision": 0.9695571955719557,
        "recall": 0.9813258636788048,
        "f1-score": 0.9754060324825986,
        "support": 4284.0
      },
      "1": {
        "precision": 0.9827734711455641,
        "recall": 0.9718909710391823,
        "f1-score": 0.9773019271948609,
        "support": 4696.0
      },
      "accuracy": 0.976391982182628,
      "macro avg": {
        "precision": 0.9761653333587599,
        "recall": 0.9766084173589935,
        "f1-score": 0.9763539798387297,
        "support": 8980.0
      },
      "weighted avg": {
        "precision": 0.9764685129543238,
        "recall": 0.976391982182628,
        "f1-score": 0.9763974714100802,
        "support": 8980.0
      }
    }
  },
  "LinearSVM": {
    "accuracy": 0.9859688195991091,
    "f1": 0.9865843270868825,
    "auc": null,
    "confusion_matrix": [
      [
        4221,
        63
      ],
      [
        63,
        4633
      ]
    ],
    "report": {
      "0": {
        "precision": 0.9852941176470589,
        "recall": 0.9852941176470589,
        "f1-score": 0.9852941176470589,
        "support": 4284.0
      },
      "1": {
        "precision": 0.9865843270868825,
        "recall": 0.9865843270868825,
        "f1-score": 0.9865843270868825,
        "support": 4696.0
      },
      "accuracy": 0.9859688195991091,
      "macro avg": {
        "precision": 0.9859392223669707,
        "recall": 0.9859392223669707,
        "f1-score": 0.9859392223669707,
        "support": 8980.0
      },
      "weighted avg": {
        "precision": 0.9859688195991091,
        "recall": 0.9859688195991091,
        "f1-score": 0.9859688195991091,
        "support": 8980.0
      }
    }
  }
}