{
  "model": "all-MiniLM-L12-v2",
  "accuracy": 0.933,
  "f1": 0.9353905496624879,
  "confusion_matrix": [
    [
      896,
      59
    ],
    [
      75,
      970
    ]
  ],
  "report": {
    "0": {
      "precision": 0.9227600411946447,
      "recall": 0.9382198952879581,
      "f1-score": 0.9304257528556594,
      "support": 955.0
    },
    "1": {
      "precision": 0.9426627793974732,
      "recall": 0.9282296650717703,
      "f1-score": 0.9353905496624879,
      "support": 1045.0
    },
    "accuracy": 0.933,
    "macro avg": {
      "precision": 0.932711410296059,
      "recall": 0.9332247801798642,
      "f1-score": 0.9329081512590737,
      "support": 2000.0
    },
    "weighted avg": {
      "precision": 0.9331592219056226,
      "recall": 0.933,
      "f1-score": 0.9330198591872273,
      "support": 2000.0
    }
  },
  "sample_n": 10000
}